0,simple_[64; 64; 64]_0.994,100,0.73
0,simple_[64; 64; 64]_0.994,100,0.73
0,simple_[64; 64; 64]_0.994,200,3.58
0,simple_[64; 64; 64]_0.994,300,7.28
0,simple_[64; 64; 64]_0.994,400,11.47
0,simple_[64; 64; 64]_0.994,500,13.79
0,simple_[64; 64; 64]_0.994,505,14.0
1,simple_[64; 64; 64]_0.995,100,1.21
1,simple_[64; 64; 64]_0.995,200,4.49
1,simple_[64; 64; 64]_0.995,300,7.42
1,simple_[64; 64; 64]_0.995,400,10.37
1,simple_[64; 64; 64]_0.995,500,13.06
1,simple_[64; 64; 64]_0.995,570,14.06
2,simple_[64; 64; 64]_0.996,100,0.54
2,simple_[64; 64; 64]_0.996,200,2.85
2,simple_[64; 64; 64]_0.996,300,6.23
2,simple_[64; 64; 64]_0.996,400,9.64
2,simple_[64; 64; 64]_0.996,500,12.24
2,simple_[64; 64; 64]_0.996,596,14.01
3,simple_[64; 64; 64]_0.997,100,0.58
3,simple_[64; 64; 64]_0.997,200,2.76
3,simple_[64; 64; 64]_0.997,300,5.09
3,simple_[64; 64; 64]_0.997,400,7.82
3,simple_[64; 64; 64]_0.997,500,9.81
3,simple_[64; 64; 64]_0.997,600,11.37
3,simple_[64; 64; 64]_0.997,700,12.59
3,simple_[64; 64; 64]_0.997,800,13.27
3,simple_[64; 64; 64]_0.997,900,13.11
3,simple_[64; 64; 64]_0.997,972,14.05
4,simple_[64; 64]_0.994,100,1.15
4,simple_[64; 64]_0.994,200,4.64
4,simple_[64; 64]_0.994,300,8.01
4,simple_[64; 64]_0.994,400,11.42
4,simple_[64; 64]_0.994,490,14.08
5,simple_[64; 64]_0.995,100,0.77
5,simple_[64; 64]_0.995,200,3.61
5,simple_[64; 64]_0.995,300,7.29
5,simple_[64; 64]_0.995,400,10.21
5,simple_[64; 64]_0.995,500,13.36
5,simple_[64; 64]_0.995,567,14.0
6,simple_[64; 64]_0.996,100,0.83
6,simple_[64; 64]_0.996,200,3.17
6,simple_[64; 64]_0.996,300,6.56
6,simple_[64; 64]_0.996,400,8.37
6,simple_[64; 64]_0.996,500,12.12
6,simple_[64; 64]_0.996,600,13.0
6,simple_[64; 64]_0.996,668,14.01
7,simple_[64; 64]_0.997,100,0.71
7,simple_[64; 64]_0.997,200,2.53
7,simple_[64; 64]_0.997,300,5.44
7,simple_[64; 64]_0.997,400,7.71
7,simple_[64; 64]_0.997,500,10.1
7,simple_[64; 64]_0.997,600,11.03
7,simple_[64; 64]_0.997,700,12.78
7,simple_[64; 64]_0.997,800,13.24
7,simple_[64; 64]_0.997,851,14.02
8,simple_[32; 32; 32]_0.994,100,1.1
8,simple_[32; 32; 32]_0.994,200,4.51
8,simple_[32; 32; 32]_0.994,300,8.49
8,simple_[32; 32; 32]_0.994,400,11.36
8,simple_[32; 32; 32]_0.994,500,12.44
8,simple_[32; 32; 32]_0.994,568,14.04
9,simple_[32; 32; 32]_0.995,100,0.51
9,simple_[32; 32; 32]_0.995,200,3.21
9,simple_[32; 32; 32]_0.995,300,6.06
9,simple_[32; 32; 32]_0.995,400,10.0
9,simple_[32; 32; 32]_0.995,500,12.1
9,simple_[32; 32; 32]_0.995,566,14.0
10,simple_[32; 32; 32]_0.996,100,0.43
10,simple_[32; 32; 32]_0.996,200,2.81
10,simple_[32; 32; 32]_0.996,300,5.38
10,simple_[32; 32; 32]_0.996,400,7.5
10,simple_[32; 32; 32]_0.996,500,11.03
10,simple_[32; 32; 32]_0.996,600,13.57
10,simple_[32; 32; 32]_0.996,639,14.06
11,simple_[32; 32; 32]_0.997,100,0.44
11,simple_[32; 32; 32]_0.997,200,2.76
11,simple_[32; 32; 32]_0.997,300,5.6
11,simple_[32; 32; 32]_0.997,400,6.52
11,simple_[32; 32; 32]_0.997,500,9.9
11,simple_[32; 32; 32]_0.997,600,12.15
11,simple_[32; 32; 32]_0.997,700,13.5
11,simple_[32; 32; 32]_0.997,778,14.04
12,simple_[32; 32]_0.994,100,1.0
12,simple_[32; 32]_0.994,200,5.36
12,simple_[32; 32]_0.994,300,9.05
12,simple_[32; 32]_0.994,400,12.15
12,simple_[32; 32]_0.994,458,14.0
13,simple_[32; 32]_0.995,100,1.15
13,simple_[32; 32]_0.995,200,4.54
13,simple_[32; 32]_0.995,300,8.63
13,simple_[32; 32]_0.995,400,10.15
13,simple_[32; 32]_0.995,500,13.01
13,simple_[32; 32]_0.995,562,14.06
14,simple_[32; 32]_0.996,100,0.63
14,simple_[32; 32]_0.996,200,3.92
14,simple_[32; 32]_0.996,300,6.86
14,simple_[32; 32]_0.996,400,9.22
14,simple_[32; 32]_0.996,500,11.53
14,simple_[32; 32]_0.996,600,12.72
14,simple_[32; 32]_0.996,695,14.0
15,simple_[32; 32]_0.997,100,0.67
15,simple_[32; 32]_0.997,200,2.02
15,simple_[32; 32]_0.997,300,5.82
15,simple_[32; 32]_0.997,400,7.71
15,simple_[32; 32]_0.997,500,9.57
15,simple_[32; 32]_0.997,600,10.82
15,simple_[32; 32]_0.997,700,12.04
15,simple_[32; 32]_0.997,800,13.46
15,simple_[32; 32]_0.997,861,14.01
16,double_[64; 64; 64]_0.994,100,1.18
16,double_[64; 64; 64]_0.994,200,4.72
16,double_[64; 64; 64]_0.994,300,8.23
16,double_[64; 64; 64]_0.994,400,11.19
16,double_[64; 64; 64]_0.994,486,14.05
17,double_[64; 64; 64]_0.995,100,0.74
17,double_[64; 64; 64]_0.995,200,3.35
17,double_[64; 64; 64]_0.995,300,7.27
17,double_[64; 64; 64]_0.995,400,11.18
17,double_[64; 64; 64]_0.995,500,13.62
17,double_[64; 64; 64]_0.995,538,14.06
18,double_[64; 64; 64]_0.996,100,0.86
18,double_[64; 64; 64]_0.996,200,3.88
18,double_[64; 64; 64]_0.996,300,7.0
18,double_[64; 64; 64]_0.996,400,10.21
18,double_[64; 64; 64]_0.996,500,12.33
18,double_[64; 64; 64]_0.996,600,13.27
18,double_[64; 64; 64]_0.996,656,14.02
19,double_[64; 64; 64]_0.997,100,0.43
19,double_[64; 64; 64]_0.997,200,2.58
19,double_[64; 64; 64]_0.997,300,4.55
19,double_[64; 64; 64]_0.997,400,6.6
19,double_[64; 64; 64]_0.997,500,9.39
19,double_[64; 64; 64]_0.997,600,11.46
19,double_[64; 64; 64]_0.997,700,12.48
19,double_[64; 64; 64]_0.997,800,13.52
19,double_[64; 64; 64]_0.997,827,14.08
20,double_[64; 64]_0.994,100,1.15
20,double_[64; 64]_0.994,200,4.41
20,double_[64; 64]_0.994,300,8.35
20,double_[64; 64]_0.994,400,11.23
20,double_[64; 64]_0.994,500,12.83
20,double_[64; 64]_0.994,558,14.05
21,double_[64; 64]_0.995,100,0.73
21,double_[64; 64]_0.995,200,4.15
21,double_[64; 64]_0.995,300,8.19
21,double_[64; 64]_0.995,400,10.34
21,double_[64; 64]_0.995,500,12.27
21,double_[64; 64]_0.995,600,13.59
21,double_[64; 64]_0.995,612,14.04
22,double_[64; 64]_0.996,100,0.5
22,double_[64; 64]_0.996,200,4.24
22,double_[64; 64]_0.996,300,7.03
22,double_[64; 64]_0.996,400,9.4
22,double_[64; 64]_0.996,500,10.96
22,double_[64; 64]_0.996,600,12.6
22,double_[64; 64]_0.996,651,14.06
23,double_[64; 64]_0.997,100,0.39
23,double_[64; 64]_0.997,200,2.32
23,double_[64; 64]_0.997,300,5.06
23,double_[64; 64]_0.997,400,7.34
23,double_[64; 64]_0.997,500,10.19
23,double_[64; 64]_0.997,600,11.75
23,double_[64; 64]_0.997,700,12.54
23,double_[64; 64]_0.997,800,12.89
23,double_[64; 64]_0.997,900,13.54
23,double_[64; 64]_0.997,941,14.07
24,double_[32; 32; 32]_0.994,100,1.47
24,double_[32; 32; 32]_0.994,200,5.68
24,double_[32; 32; 32]_0.994,300,8.62
24,double_[32; 32; 32]_0.994,400,10.65
24,double_[32; 32; 32]_0.994,500,12.98
24,double_[32; 32; 32]_0.994,544,14.0
25,double_[32; 32; 32]_0.995,100,0.72
25,double_[32; 32; 32]_0.995,200,4.37
25,double_[32; 32; 32]_0.995,300,7.04
25,double_[32; 32; 32]_0.995,400,11.05
25,double_[32; 32; 32]_0.995,500,12.55
25,double_[32; 32; 32]_0.995,599,14.02
26,double_[32; 32; 32]_0.996,100,0.43
26,double_[32; 32; 32]_0.996,200,3.1
26,double_[32; 32; 32]_0.996,300,6.68
26,double_[32; 32; 32]_0.996,400,8.77
26,double_[32; 32; 32]_0.996,500,10.82
26,double_[32; 32; 32]_0.996,600,13.15
26,double_[32; 32; 32]_0.996,631,14.03
27,double_[32; 32; 32]_0.997,100,0.39
27,double_[32; 32; 32]_0.997,200,2.23
27,double_[32; 32; 32]_0.997,300,4.95
27,double_[32; 32; 32]_0.997,400,7.1
27,double_[32; 32; 32]_0.997,500,8.71
27,double_[32; 32; 32]_0.997,600,11.01
27,double_[32; 32; 32]_0.997,700,13.51
27,double_[32; 32; 32]_0.997,800,13.76
27,double_[32; 32; 32]_0.997,875,14.02
28,double_[32; 32]_0.994,100,1.41
28,double_[32; 32]_0.994,200,6.07
28,double_[32; 32]_0.994,300,9.66
28,double_[32; 32]_0.994,400,10.86
28,double_[32; 32]_0.994,500,13.26
28,double_[32; 32]_0.994,551,14.06
29,double_[32; 32]_0.995,100,0.76
29,double_[32; 32]_0.995,200,4.61
29,double_[32; 32]_0.995,300,7.16
29,double_[32; 32]_0.995,400,9.89
29,double_[32; 32]_0.995,500,11.7
29,double_[32; 32]_0.995,600,12.34
29,double_[32; 32]_0.995,656,14.0
30,double_[32; 32]_0.996,100,0.84
30,double_[32; 32]_0.996,200,3.99
30,double_[32; 32]_0.996,300,6.85
30,double_[32; 32]_0.996,400,8.69
30,double_[32; 32]_0.996,500,10.51
30,double_[32; 32]_0.996,600,12.92
30,double_[32; 32]_0.996,700,13.83
30,double_[32; 32]_0.996,704,14.08
31,double_[32; 32]_0.997,100,0.37
31,double_[32; 32]_0.997,200,2.68
31,double_[32; 32]_0.997,300,5.1
31,double_[32; 32]_0.997,400,7.25
31,double_[32; 32]_0.997,500,10.15
31,double_[32; 32]_0.997,600,11.48
31,double_[32; 32]_0.997,700,13.13
31,double_[32; 32]_0.997,789,14.02
32,fast_[64; 64; 64]_0.994,100,0.28
32,fast_[64; 64; 64]_0.994,200,0.88
32,fast_[64; 64; 64]_0.994,300,1.3
32,fast_[64; 64; 64]_0.994,400,1.27
32,fast_[64; 64; 64]_0.994,500,1.97
32,fast_[64; 64; 64]_0.994,600,1.91
32,fast_[64; 64; 64]_0.994,700,1.65
32,fast_[64; 64; 64]_0.994,800,0.56
32,fast_[64; 64; 64]_0.994,900,0.5
32,fast_[64; 64; 64]_0.994,1000,0.78
33,fast_[64; 64; 64]_0.995,100,0.48
33,fast_[64; 64; 64]_0.995,200,0.54
33,fast_[64; 64; 64]_0.995,300,0.48
33,fast_[64; 64; 64]_0.995,400,0.42
33,fast_[64; 64; 64]_0.995,500,0.12
33,fast_[64; 64; 64]_0.995,600,0.31
33,fast_[64; 64; 64]_0.995,700,-0.01
33,fast_[64; 64; 64]_0.995,800,0.35
33,fast_[64; 64; 64]_0.995,900,0.22
33,fast_[64; 64; 64]_0.995,1000,0.07
34,fast_[64; 64; 64]_0.996,100,0.25
34,fast_[64; 64; 64]_0.996,200,0.48
34,fast_[64; 64; 64]_0.996,300,1.0
34,fast_[64; 64; 64]_0.996,400,1.72
34,fast_[64; 64; 64]_0.996,500,1.29
34,fast_[64; 64; 64]_0.996,600,0.99
34,fast_[64; 64; 64]_0.996,700,1.07
34,fast_[64; 64; 64]_0.996,800,1.73
34,fast_[64; 64; 64]_0.996,900,1.21
34,fast_[64; 64; 64]_0.996,1000,0.94
35,fast_[64; 64; 64]_0.997,100,0.04
35,fast_[64; 64; 64]_0.997,200,-0.02
35,fast_[64; 64; 64]_0.997,300,0.41
35,fast_[64; 64; 64]_0.997,400,0.81
35,fast_[64; 64; 64]_0.997,500,0.72
35,fast_[64; 64; 64]_0.997,600,0.93
35,fast_[64; 64; 64]_0.997,700,1.07
35,fast_[64; 64; 64]_0.997,800,0.67
35,fast_[64; 64; 64]_0.997,900,0.58
35,fast_[64; 64; 64]_0.997,1000,0.94
36,fast_[64; 64]_0.994,100,0.37
36,fast_[64; 64]_0.994,200,1.21
36,fast_[64; 64]_0.994,300,1.78
36,fast_[64; 64]_0.994,400,1.09
36,fast_[64; 64]_0.994,500,1.31
36,fast_[64; 64]_0.994,600,0.57
36,fast_[64; 64]_0.994,700,0.83
36,fast_[64; 64]_0.994,800,0.7
36,fast_[64; 64]_0.994,900,0.97
36,fast_[64; 64]_0.994,1000,1.05
37,fast_[64; 64]_0.995,100,0.45
37,fast_[64; 64]_0.995,200,1.04
37,fast_[64; 64]_0.995,300,2.68
37,fast_[64; 64]_0.995,400,2.75
37,fast_[64; 64]_0.995,500,2.19
37,fast_[64; 64]_0.995,600,1.45
37,fast_[64; 64]_0.995,700,0.92
37,fast_[64; 64]_0.995,800,0.61
37,fast_[64; 64]_0.995,900,0.39
37,fast_[64; 64]_0.995,1000,0.07
38,fast_[64; 64]_0.996,100,0.1
38,fast_[64; 64]_0.996,200,0.74
38,fast_[64; 64]_0.996,300,1.18
38,fast_[64; 64]_0.996,400,1.14
38,fast_[64; 64]_0.996,500,0.57
38,fast_[64; 64]_0.996,600,0.74
38,fast_[64; 64]_0.996,700,0.88
38,fast_[64; 64]_0.996,800,0.74
38,fast_[64; 64]_0.996,900,0.65
38,fast_[64; 64]_0.996,1000,0.98
39,fast_[64; 64]_0.997,100,-0.1
39,fast_[64; 64]_0.997,200,0.47
39,fast_[64; 64]_0.997,300,0.94
39,fast_[64; 64]_0.997,400,0.87
39,fast_[64; 64]_0.997,500,1.21
39,fast_[64; 64]_0.997,600,1.9
39,fast_[64; 64]_0.997,700,1.48
39,fast_[64; 64]_0.997,800,1.77
39,fast_[64; 64]_0.997,900,1.38
39,fast_[64; 64]_0.997,1000,1.95
40,fast_[32; 32; 32]_0.994,100,0.24
40,fast_[32; 32; 32]_0.994,200,0.53
40,fast_[32; 32; 32]_0.994,300,0.53
40,fast_[32; 32; 32]_0.994,400,0.15
40,fast_[32; 32; 32]_0.994,500,0.0
40,fast_[32; 32; 32]_0.994,600,0.14
40,fast_[32; 32; 32]_0.994,700,0.21
40,fast_[32; 32; 32]_0.994,800,0.53
40,fast_[32; 32; 32]_0.994,900,0.34
40,fast_[32; 32; 32]_0.994,1000,0.83
41,fast_[32; 32; 32]_0.995,100,0.4
41,fast_[32; 32; 32]_0.995,200,1.18
41,fast_[32; 32; 32]_0.995,300,2.24
41,fast_[32; 32; 32]_0.995,400,2.27
41,fast_[32; 32; 32]_0.995,500,1.92
41,fast_[32; 32; 32]_0.995,600,1.82
41,fast_[32; 32; 32]_0.995,700,2.02
41,fast_[32; 32; 32]_0.995,800,1.49
41,fast_[32; 32; 32]_0.995,900,1.17
41,fast_[32; 32; 32]_0.995,1000,1.1
42,fast_[32; 32; 32]_0.996,100,-0.2
42,fast_[32; 32; 32]_0.996,200,0.03
42,fast_[32; 32; 32]_0.996,300,-0.07
42,fast_[32; 32; 32]_0.996,400,0.24
42,fast_[32; 32; 32]_0.996,500,0.74
42,fast_[32; 32; 32]_0.996,600,0.4
42,fast_[32; 32; 32]_0.996,700,0.77
42,fast_[32; 32; 32]_0.996,800,0.23
42,fast_[32; 32; 32]_0.996,900,0.48
42,fast_[32; 32; 32]_0.996,1000,0.69
43,fast_[32; 32; 32]_0.997,100,0.03
43,fast_[32; 32; 32]_0.997,200,0.35
43,fast_[32; 32; 32]_0.997,300,0.64
43,fast_[32; 32; 32]_0.997,400,0.81
43,fast_[32; 32; 32]_0.997,500,0.77
43,fast_[32; 32; 32]_0.997,600,0.59
43,fast_[32; 32; 32]_0.997,700,0.19
43,fast_[32; 32; 32]_0.997,800,0.47
43,fast_[32; 32; 32]_0.997,900,0.41
43,fast_[32; 32; 32]_0.997,1000,0.64
44,fast_[32; 32]_0.994,100,0.2
44,fast_[32; 32]_0.994,200,0.9
44,fast_[32; 32]_0.994,300,1.91
44,fast_[32; 32]_0.994,400,1.75
44,fast_[32; 32]_0.994,500,2.56
44,fast_[32; 32]_0.994,600,1.76
44,fast_[32; 32]_0.994,700,1.76
44,fast_[32; 32]_0.994,800,1.81
44,fast_[32; 32]_0.994,900,1.37
44,fast_[32; 32]_0.994,1000,0.55
45,fast_[32; 32]_0.995,100,0.45
45,fast_[32; 32]_0.995,200,1.14
45,fast_[32; 32]_0.995,300,1.22
45,fast_[32; 32]_0.995,400,1.79
45,fast_[32; 32]_0.995,500,1.73
45,fast_[32; 32]_0.995,600,2.12
45,fast_[32; 32]_0.995,700,1.99
45,fast_[32; 32]_0.995,800,2.3
45,fast_[32; 32]_0.995,900,1.0
45,fast_[32; 32]_0.995,1000,0.63
46,fast_[32; 32]_0.996,100,0.2
46,fast_[32; 32]_0.996,200,0.52
46,fast_[32; 32]_0.996,300,0.64
46,fast_[32; 32]_0.996,400,0.21
46,fast_[32; 32]_0.996,500,0.2
46,fast_[32; 32]_0.996,600,0.18
46,fast_[32; 32]_0.996,700,0.52
46,fast_[32; 32]_0.996,800,0.22
46,fast_[32; 32]_0.996,900,0.3
46,fast_[32; 32]_0.996,1000,0.24
47,fast_[32; 32]_0.997,100,0.24
47,fast_[32; 32]_0.997,200,0.5
47,fast_[32; 32]_0.997,300,0.84
47,fast_[32; 32]_0.997,400,1.12
47,fast_[32; 32]_0.997,500,1.66
47,fast_[32; 32]_0.997,600,1.73
47,fast_[32; 32]_0.997,700,1.45
47,fast_[32; 32]_0.997,800,1.63
47,fast_[32; 32]_0.997,900,1.68
47,fast_[32; 32]_0.997,1000,1.35
48,prio_[64; 64; 64]_0.997_0.0_0.0,100,0.74
48,prio_[64; 64; 64]_0.997_0.0_0.0,200,3.45
48,prio_[64; 64; 64]_0.997_0.0_0.0,300,7.22
48,prio_[64; 64; 64]_0.997_0.0_0.0,400,10.57
48,prio_[64; 64; 64]_0.997_0.0_0.0,500,12.72
48,prio_[64; 64; 64]_0.997_0.0_0.0,578,14.02
49,prio_[64; 64; 64]_0.997_0.0_0.1,100,0.4
49,prio_[64; 64; 64]_0.997_0.0_0.1,200,3.29
49,prio_[64; 64; 64]_0.997_0.0_0.1,300,7.03
49,prio_[64; 64; 64]_0.997_0.0_0.1,400,10.32
49,prio_[64; 64; 64]_0.997_0.0_0.1,500,13.21
49,prio_[64; 64; 64]_0.997_0.0_0.1,540,14.06
50,prio_[64; 64; 64]_0.997_0.0_0.2,100,0.43
50,prio_[64; 64; 64]_0.997_0.0_0.2,200,3.43
50,prio_[64; 64; 64]_0.997_0.0_0.2,300,7.16
50,prio_[64; 64; 64]_0.997_0.0_0.2,400,9.83
50,prio_[64; 64; 64]_0.997_0.0_0.2,500,12.64
50,prio_[64; 64; 64]_0.997_0.0_0.2,542,14.07
51,prio_[64; 64; 64]_0.997_0.0_0.30000000000000004,100,0.64
51,prio_[64; 64; 64]_0.997_0.0_0.30000000000000004,200,4.11
51,prio_[64; 64; 64]_0.997_0.0_0.30000000000000004,300,7.95
51,prio_[64; 64; 64]_0.997_0.0_0.30000000000000004,400,10.2
51,prio_[64; 64; 64]_0.997_0.0_0.30000000000000004,500,12.82
51,prio_[64; 64; 64]_0.997_0.0_0.30000000000000004,555,14.09
52,prio_[64; 64; 64]_0.997_0.0_0.4,100,0.7
52,prio_[64; 64; 64]_0.997_0.0_0.4,200,4.63
52,prio_[64; 64; 64]_0.997_0.0_0.4,300,8.12
52,prio_[64; 64; 64]_0.997_0.0_0.4,400,10.91
52,prio_[64; 64; 64]_0.997_0.0_0.4,500,12.59
52,prio_[64; 64; 64]_0.997_0.0_0.4,600,13.77
52,prio_[64; 64; 64]_0.997_0.0_0.4,622,14.01
53,prio_[64; 64; 64]_0.997_0.0_0.5,100,1.04
53,prio_[64; 64; 64]_0.997_0.0_0.5,200,4.75
53,prio_[64; 64; 64]_0.997_0.0_0.5,300,7.14
53,prio_[64; 64; 64]_0.997_0.0_0.5,400,9.54
53,prio_[64; 64; 64]_0.997_0.0_0.5,500,12.5
53,prio_[64; 64; 64]_0.997_0.0_0.5,555,14.0
54,prio_[64; 64; 64]_0.997_0.0_0.6000000000000001,100,0.67
54,prio_[64; 64; 64]_0.997_0.0_0.6000000000000001,200,3.94
54,prio_[64; 64; 64]_0.997_0.0_0.6000000000000001,300,7.03
54,prio_[64; 64; 64]_0.997_0.0_0.6000000000000001,400,10.97
54,prio_[64; 64; 64]_0.997_0.0_0.6000000000000001,500,13.74
54,prio_[64; 64; 64]_0.997_0.0_0.6000000000000001,505,14.02
55,prio_[64; 64; 64]_0.997_0.0_0.7000000000000001,100,0.69
55,prio_[64; 64; 64]_0.997_0.0_0.7000000000000001,200,3.92
55,prio_[64; 64; 64]_0.997_0.0_0.7000000000000001,300,7.38
55,prio_[64; 64; 64]_0.997_0.0_0.7000000000000001,400,11.02
55,prio_[64; 64; 64]_0.997_0.0_0.7000000000000001,500,13.09
55,prio_[64; 64; 64]_0.997_0.0_0.7000000000000001,543,14.07
56,prio_[64; 64; 64]_0.997_0.0_0.8,100,0.64
56,prio_[64; 64; 64]_0.997_0.0_0.8,200,3.69
56,prio_[64; 64; 64]_0.997_0.0_0.8,300,7.09
56,prio_[64; 64; 64]_0.997_0.0_0.8,400,10.03
56,prio_[64; 64; 64]_0.997_0.0_0.8,500,13.25
56,prio_[64; 64; 64]_0.997_0.0_0.8,600,14.0
56,prio_[64; 64; 64]_0.997_0.0_0.8,600,14.0
57,prio_[64; 64; 64]_0.997_0.0_0.9,100,0.8
57,prio_[64; 64; 64]_0.997_0.0_0.9,200,4.34
57,prio_[64; 64; 64]_0.997_0.0_0.9,300,7.62
57,prio_[64; 64; 64]_0.997_0.0_0.9,400,11.61
57,prio_[64; 64; 64]_0.997_0.0_0.9,500,13.58
57,prio_[64; 64; 64]_0.997_0.0_0.9,516,14.04
58,prio_[64; 64; 64]_0.997_0.1_0.0,100,0.61
58,prio_[64; 64; 64]_0.997_0.1_0.0,200,2.81
58,prio_[64; 64; 64]_0.997_0.1_0.0,300,5.64
58,prio_[64; 64; 64]_0.997_0.1_0.0,400,9.67
58,prio_[64; 64; 64]_0.997_0.1_0.0,500,12.44
58,prio_[64; 64; 64]_0.997_0.1_0.0,552,14.0
59,prio_[64; 64; 64]_0.997_0.1_0.1,100,0.59
59,prio_[64; 64; 64]_0.997_0.1_0.1,200,3.79
59,prio_[64; 64; 64]_0.997_0.1_0.1,300,7.51
59,prio_[64; 64; 64]_0.997_0.1_0.1,400,9.82
59,prio_[64; 64; 64]_0.997_0.1_0.1,500,12.92
59,prio_[64; 64; 64]_0.997_0.1_0.1,541,14.02
60,prio_[64; 64; 64]_0.997_0.1_0.2,100,0.56
60,prio_[64; 64; 64]_0.997_0.1_0.2,200,3.07
60,prio_[64; 64; 64]_0.997_0.1_0.2,300,6.99
60,prio_[64; 64; 64]_0.997_0.1_0.2,400,10.0
60,prio_[64; 64; 64]_0.997_0.1_0.2,489,14.02
61,prio_[64; 64; 64]_0.997_0.1_0.30000000000000004,100,0.54
61,prio_[64; 64; 64]_0.997_0.1_0.30000000000000004,200,4.05
61,prio_[64; 64; 64]_0.997_0.1_0.30000000000000004,300,7.73
61,prio_[64; 64; 64]_0.997_0.1_0.30000000000000004,400,10.08
61,prio_[64; 64; 64]_0.997_0.1_0.30000000000000004,500,12.68
61,prio_[64; 64; 64]_0.997_0.1_0.30000000000000004,600,13.92
61,prio_[64; 64; 64]_0.997_0.1_0.30000000000000004,603,14.03
62,prio_[64; 64; 64]_0.997_0.1_0.4,100,0.71
62,prio_[64; 64; 64]_0.997_0.1_0.4,200,3.98
62,prio_[64; 64; 64]_0.997_0.1_0.4,300,7.44
62,prio_[64; 64; 64]_0.997_0.1_0.4,400,10.94
62,prio_[64; 64; 64]_0.997_0.1_0.4,500,11.58
62,prio_[64; 64; 64]_0.997_0.1_0.4,586,14.02
63,prio_[64; 64; 64]_0.997_0.1_0.5,100,0.52
63,prio_[64; 64; 64]_0.997_0.1_0.5,200,3.34
63,prio_[64; 64; 64]_0.997_0.1_0.5,300,6.74
63,prio_[64; 64; 64]_0.997_0.1_0.5,400,10.04
63,prio_[64; 64; 64]_0.997_0.1_0.5,500,12.54
63,prio_[64; 64; 64]_0.997_0.1_0.5,553,14.08
64,prio_[64; 64; 64]_0.997_0.1_0.6000000000000001,100,0.29
64,prio_[64; 64; 64]_0.997_0.1_0.6000000000000001,200,1.95
64,prio_[64; 64; 64]_0.997_0.1_0.6000000000000001,300,6.17
64,prio_[64; 64; 64]_0.997_0.1_0.6000000000000001,400,9.87
64,prio_[64; 64; 64]_0.997_0.1_0.6000000000000001,500,13.61
64,prio_[64; 64; 64]_0.997_0.1_0.6000000000000001,528,14.01
65,prio_[64; 64; 64]_0.997_0.1_0.7000000000000001,100,0.7
65,prio_[64; 64; 64]_0.997_0.1_0.7000000000000001,200,4.14
65,prio_[64; 64; 64]_0.997_0.1_0.7000000000000001,300,6.72
65,prio_[64; 64; 64]_0.997_0.1_0.7000000000000001,400,9.88
65,prio_[64; 64; 64]_0.997_0.1_0.7000000000000001,500,13.21
65,prio_[64; 64; 64]_0.997_0.1_0.7000000000000001,535,14.04
66,prio_[64; 64; 64]_0.997_0.1_0.8,100,0.58
66,prio_[64; 64; 64]_0.997_0.1_0.8,200,3.51
66,prio_[64; 64; 64]_0.997_0.1_0.8,300,7.03
66,prio_[64; 64; 64]_0.997_0.1_0.8,400,11.1
66,prio_[64; 64; 64]_0.997_0.1_0.8,500,13.24
66,prio_[64; 64; 64]_0.997_0.1_0.8,537,14.0
67,prio_[64; 64; 64]_0.997_0.1_0.9,100,0.51
67,prio_[64; 64; 64]_0.997_0.1_0.9,200,3.67
67,prio_[64; 64; 64]_0.997_0.1_0.9,300,7.12
67,prio_[64; 64; 64]_0.997_0.1_0.9,400,9.69
67,prio_[64; 64; 64]_0.997_0.1_0.9,500,12.65
67,prio_[64; 64; 64]_0.997_0.1_0.9,575,14.03
68,prio_[64; 64; 64]_0.997_0.2_0.0,100,0.87
68,prio_[64; 64; 64]_0.997_0.2_0.0,200,3.29
68,prio_[64; 64; 64]_0.997_0.2_0.0,300,6.63
68,prio_[64; 64; 64]_0.997_0.2_0.0,400,9.96
68,prio_[64; 64; 64]_0.997_0.2_0.0,500,13.26
68,prio_[64; 64; 64]_0.997_0.2_0.0,563,14.02
69,prio_[64; 64; 64]_0.997_0.2_0.1,100,0.23
69,prio_[64; 64; 64]_0.997_0.2_0.1,200,2.73
69,prio_[64; 64; 64]_0.997_0.2_0.1,300,4.69
69,prio_[64; 64; 64]_0.997_0.2_0.1,400,8.12
69,prio_[64; 64; 64]_0.997_0.2_0.1,500,11.68
69,prio_[64; 64; 64]_0.997_0.2_0.1,600,13.41
69,prio_[64; 64; 64]_0.997_0.2_0.1,624,14.04
70,prio_[64; 64; 64]_0.997_0.2_0.2,100,1.0
70,prio_[64; 64; 64]_0.997_0.2_0.2,200,4.41
70,prio_[64; 64; 64]_0.997_0.2_0.2,300,7.33
70,prio_[64; 64; 64]_0.997_0.2_0.2,400,9.59
70,prio_[64; 64; 64]_0.997_0.2_0.2,500,12.54
70,prio_[64; 64; 64]_0.997_0.2_0.2,564,14.06
71,prio_[64; 64; 64]_0.997_0.2_0.30000000000000004,100,0.44
71,prio_[64; 64; 64]_0.997_0.2_0.30000000000000004,200,2.73
71,prio_[64; 64; 64]_0.997_0.2_0.30000000000000004,300,5.97
71,prio_[64; 64; 64]_0.997_0.2_0.30000000000000004,400,10.76
71,prio_[64; 64; 64]_0.997_0.2_0.30000000000000004,500,13.58
71,prio_[64; 64; 64]_0.997_0.2_0.30000000000000004,520,14.01
72,prio_[64; 64; 64]_0.997_0.2_0.4,100,0.61
72,prio_[64; 64; 64]_0.997_0.2_0.4,200,4.45
72,prio_[64; 64; 64]_0.997_0.2_0.4,300,7.49
72,prio_[64; 64; 64]_0.997_0.2_0.4,400,9.85
72,prio_[64; 64; 64]_0.997_0.2_0.4,500,12.29
72,prio_[64; 64; 64]_0.997_0.2_0.4,553,14.0
73,prio_[64; 64; 64]_0.997_0.2_0.5,100,0.65
73,prio_[64; 64; 64]_0.997_0.2_0.5,200,3.96
73,prio_[64; 64; 64]_0.997_0.2_0.5,300,7.15
73,prio_[64; 64; 64]_0.997_0.2_0.5,400,9.52
73,prio_[64; 64; 64]_0.997_0.2_0.5,500,12.38
73,prio_[64; 64; 64]_0.997_0.2_0.5,600,13.16
73,prio_[64; 64; 64]_0.997_0.2_0.5,700,13.51
73,prio_[64; 64; 64]_0.997_0.2_0.5,747,14.03
74,prio_[64; 64; 64]_0.997_0.2_0.6000000000000001,100,0.52
74,prio_[64; 64; 64]_0.997_0.2_0.6000000000000001,200,3.84
74,prio_[64; 64; 64]_0.997_0.2_0.6000000000000001,300,6.64
74,prio_[64; 64; 64]_0.997_0.2_0.6000000000000001,400,9.82
74,prio_[64; 64; 64]_0.997_0.2_0.6000000000000001,500,12.62
74,prio_[64; 64; 64]_0.997_0.2_0.6000000000000001,566,14.04
75,prio_[64; 64; 64]_0.997_0.2_0.7000000000000001,100,0.47
75,prio_[64; 64; 64]_0.997_0.2_0.7000000000000001,200,3.48
75,prio_[64; 64; 64]_0.997_0.2_0.7000000000000001,300,6.46
75,prio_[64; 64; 64]_0.997_0.2_0.7000000000000001,400,9.76
75,prio_[64; 64; 64]_0.997_0.2_0.7000000000000001,500,12.67
75,prio_[64; 64; 64]_0.997_0.2_0.7000000000000001,545,14.01
76,prio_[64; 64; 64]_0.997_0.2_0.8,100,1.11
76,prio_[64; 64; 64]_0.997_0.2_0.8,200,4.09
76,prio_[64; 64; 64]_0.997_0.2_0.8,300,7.6
76,prio_[64; 64; 64]_0.997_0.2_0.8,400,10.29
76,prio_[64; 64; 64]_0.997_0.2_0.8,500,12.69
76,prio_[64; 64; 64]_0.997_0.2_0.8,558,14.03
77,prio_[64; 64; 64]_0.997_0.2_0.9,100,0.53
77,prio_[64; 64; 64]_0.997_0.2_0.9,200,4.4
77,prio_[64; 64; 64]_0.997_0.2_0.9,300,8.4
77,prio_[64; 64; 64]_0.997_0.2_0.9,400,10.61
77,prio_[64; 64; 64]_0.997_0.2_0.9,500,13.22
77,prio_[64; 64; 64]_0.997_0.2_0.9,600,13.52
77,prio_[64; 64; 64]_0.997_0.2_0.9,625,14.0
78,prio_[64; 64; 64]_0.997_0.30000000000000004_0.0,100,0.93
78,prio_[64; 64; 64]_0.997_0.30000000000000004_0.0,200,3.96
78,prio_[64; 64; 64]_0.997_0.30000000000000004_0.0,300,7.25
78,prio_[64; 64; 64]_0.997_0.30000000000000004_0.0,400,9.23
78,prio_[64; 64; 64]_0.997_0.30000000000000004_0.0,500,12.38
78,prio_[64; 64; 64]_0.997_0.30000000000000004_0.0,550,14.0
79,prio_[64; 64; 64]_0.997_0.30000000000000004_0.1,100,0.68
79,prio_[64; 64; 64]_0.997_0.30000000000000004_0.1,200,1.54
79,prio_[64; 64; 64]_0.997_0.30000000000000004_0.1,300,4.65
79,prio_[64; 64; 64]_0.997_0.30000000000000004_0.1,400,8.55
79,prio_[64; 64; 64]_0.997_0.30000000000000004_0.1,500,11.12
79,prio_[64; 64; 64]_0.997_0.30000000000000004_0.1,600,13.78
79,prio_[64; 64; 64]_0.997_0.30000000000000004_0.1,605,14.02
80,prio_[64; 64; 64]_0.997_0.30000000000000004_0.2,100,1.2
80,prio_[64; 64; 64]_0.997_0.30000000000000004_0.2,200,3.56
80,prio_[64; 64; 64]_0.997_0.30000000000000004_0.2,300,6.82
80,prio_[64; 64; 64]_0.997_0.30000000000000004_0.2,400,10.14
80,prio_[64; 64; 64]_0.997_0.30000000000000004_0.2,500,11.02
80,prio_[64; 64; 64]_0.997_0.30000000000000004_0.2,600,13.23
80,prio_[64; 64; 64]_0.997_0.30000000000000004_0.2,616,14.0
81,prio_[64; 64; 64]_0.997_0.30000000000000004_0.30000000000000004,100,0.9
81,prio_[64; 64; 64]_0.997_0.30000000000000004_0.30000000000000004,200,3.18
81,prio_[64; 64; 64]_0.997_0.30000000000000004_0.30000000000000004,300,7.52
81,prio_[64; 64; 64]_0.997_0.30000000000000004_0.30000000000000004,400,10.96
81,prio_[64; 64; 64]_0.997_0.30000000000000004_0.30000000000000004,500,12.71
81,prio_[64; 64; 64]_0.997_0.30000000000000004_0.30000000000000004,541,14.01
82,prio_[64; 64; 64]_0.997_0.30000000000000004_0.4,100,0.71
82,prio_[64; 64; 64]_0.997_0.30000000000000004_0.4,200,2.88
82,prio_[64; 64; 64]_0.997_0.30000000000000004_0.4,300,5.7
82,prio_[64; 64; 64]_0.997_0.30000000000000004_0.4,400,8.95
82,prio_[64; 64; 64]_0.997_0.30000000000000004_0.4,500,11.94
82,prio_[64; 64; 64]_0.997_0.30000000000000004_0.4,570,14.05
83,prio_[64; 64; 64]_0.997_0.30000000000000004_0.5,100,0.26
83,prio_[64; 64; 64]_0.997_0.30000000000000004_0.5,200,3.36
83,prio_[64; 64; 64]_0.997_0.30000000000000004_0.5,300,5.72
83,prio_[64; 64; 64]_0.997_0.30000000000000004_0.5,400,8.9
83,prio_[64; 64; 64]_0.997_0.30000000000000004_0.5,500,11.68
83,prio_[64; 64; 64]_0.997_0.30000000000000004_0.5,600,13.7
83,prio_[64; 64; 64]_0.997_0.30000000000000004_0.5,648,14.04
84,prio_[64; 64; 64]_0.997_0.30000000000000004_0.6000000000000001,100,1.35
84,prio_[64; 64; 64]_0.997_0.30000000000000004_0.6000000000000001,200,4.19
84,prio_[64; 64; 64]_0.997_0.30000000000000004_0.6000000000000001,300,8.25
84,prio_[64; 64; 64]_0.997_0.30000000000000004_0.6000000000000001,400,10.39
84,prio_[64; 64; 64]_0.997_0.30000000000000004_0.6000000000000001,500,12.74
84,prio_[64; 64; 64]_0.997_0.30000000000000004_0.6000000000000001,578,14.05
85,prio_[64; 64; 64]_0.997_0.30000000000000004_0.7000000000000001,100,0.94
85,prio_[64; 64; 64]_0.997_0.30000000000000004_0.7000000000000001,200,3.63
85,prio_[64; 64; 64]_0.997_0.30000000000000004_0.7000000000000001,300,6.78
85,prio_[64; 64; 64]_0.997_0.30000000000000004_0.7000000000000001,400,10.79
85,prio_[64; 64; 64]_0.997_0.30000000000000004_0.7000000000000001,500,12.67
85,prio_[64; 64; 64]_0.997_0.30000000000000004_0.7000000000000001,556,14.01
86,prio_[64; 64; 64]_0.997_0.30000000000000004_0.8,100,0.42
86,prio_[64; 64; 64]_0.997_0.30000000000000004_0.8,200,3.38
86,prio_[64; 64; 64]_0.997_0.30000000000000004_0.8,300,6.42
86,prio_[64; 64; 64]_0.997_0.30000000000000004_0.8,400,9.96
86,prio_[64; 64; 64]_0.997_0.30000000000000004_0.8,500,13.05
86,prio_[64; 64; 64]_0.997_0.30000000000000004_0.8,537,14.0
87,prio_[64; 64; 64]_0.997_0.30000000000000004_0.9,100,0.65
87,prio_[64; 64; 64]_0.997_0.30000000000000004_0.9,200,3.73
87,prio_[64; 64; 64]_0.997_0.30000000000000004_0.9,300,7.06
87,prio_[64; 64; 64]_0.997_0.30000000000000004_0.9,400,9.29
87,prio_[64; 64; 64]_0.997_0.30000000000000004_0.9,500,11.79
87,prio_[64; 64; 64]_0.997_0.30000000000000004_0.9,600,13.76
87,prio_[64; 64; 64]_0.997_0.30000000000000004_0.9,614,14.02
88,prio_[64; 64; 64]_0.997_0.4_0.0,100,0.03
88,prio_[64; 64; 64]_0.997_0.4_0.0,200,2.86
88,prio_[64; 64; 64]_0.997_0.4_0.0,300,6.1
88,prio_[64; 64; 64]_0.997_0.4_0.0,400,9.94
88,prio_[64; 64; 64]_0.997_0.4_0.0,500,12.68
88,prio_[64; 64; 64]_0.997_0.4_0.0,600,12.76
88,prio_[64; 64; 64]_0.997_0.4_0.0,653,14.03
89,prio_[64; 64; 64]_0.997_0.4_0.1,100,0.9
89,prio_[64; 64; 64]_0.997_0.4_0.1,200,3.47
89,prio_[64; 64; 64]_0.997_0.4_0.1,300,6.17
89,prio_[64; 64; 64]_0.997_0.4_0.1,400,8.84
89,prio_[64; 64; 64]_0.997_0.4_0.1,500,12.0
89,prio_[64; 64; 64]_0.997_0.4_0.1,600,13.8
89,prio_[64; 64; 64]_0.997_0.4_0.1,604,14.07
90,prio_[64; 64; 64]_0.997_0.4_0.2,100,0.51
90,prio_[64; 64; 64]_0.997_0.4_0.2,200,2.37
90,prio_[64; 64; 64]_0.997_0.4_0.2,300,4.82
90,prio_[64; 64; 64]_0.997_0.4_0.2,400,8.03
90,prio_[64; 64; 64]_0.997_0.4_0.2,500,10.8
90,prio_[64; 64; 64]_0.997_0.4_0.2,600,13.24
90,prio_[64; 64; 64]_0.997_0.4_0.2,622,14.01
91,prio_[64; 64; 64]_0.997_0.4_0.30000000000000004,100,0.7
91,prio_[64; 64; 64]_0.997_0.4_0.30000000000000004,200,3.82
91,prio_[64; 64; 64]_0.997_0.4_0.30000000000000004,300,6.59
91,prio_[64; 64; 64]_0.997_0.4_0.30000000000000004,400,9.76
91,prio_[64; 64; 64]_0.997_0.4_0.30000000000000004,500,12.87
91,prio_[64; 64; 64]_0.997_0.4_0.30000000000000004,569,14.01
92,prio_[64; 64; 64]_0.997_0.4_0.4,100,0.56
92,prio_[64; 64; 64]_0.997_0.4_0.4,200,3.15
92,prio_[64; 64; 64]_0.997_0.4_0.4,300,6.63
92,prio_[64; 64; 64]_0.997_0.4_0.4,400,9.28
92,prio_[64; 64; 64]_0.997_0.4_0.4,500,11.73
92,prio_[64; 64; 64]_0.997_0.4_0.4,600,13.91
92,prio_[64; 64; 64]_0.997_0.4_0.4,602,14.0
93,prio_[64; 64; 64]_0.997_0.4_0.5,100,0.39
93,prio_[64; 64; 64]_0.997_0.4_0.5,200,3.27
93,prio_[64; 64; 64]_0.997_0.4_0.5,300,7.39
93,prio_[64; 64; 64]_0.997_0.4_0.5,400,9.93
93,prio_[64; 64; 64]_0.997_0.4_0.5,500,12.21
93,prio_[64; 64; 64]_0.997_0.4_0.5,567,14.01
94,prio_[64; 64; 64]_0.997_0.4_0.6000000000000001,100,0.36
94,prio_[64; 64; 64]_0.997_0.4_0.6000000000000001,200,3.3
94,prio_[64; 64; 64]_0.997_0.4_0.6000000000000001,300,8.33
94,prio_[64; 64; 64]_0.997_0.4_0.6000000000000001,400,10.39
94,prio_[64; 64; 64]_0.997_0.4_0.6000000000000001,500,13.66
94,prio_[64; 64; 64]_0.997_0.4_0.6000000000000001,536,14.01
95,prio_[64; 64; 64]_0.997_0.4_0.7000000000000001,100,0.57
95,prio_[64; 64; 64]_0.997_0.4_0.7000000000000001,200,3.02
95,prio_[64; 64; 64]_0.997_0.4_0.7000000000000001,300,6.9
95,prio_[64; 64; 64]_0.997_0.4_0.7000000000000001,400,9.45
95,prio_[64; 64; 64]_0.997_0.4_0.7000000000000001,500,12.16
95,prio_[64; 64; 64]_0.997_0.4_0.7000000000000001,592,14.08
96,prio_[64; 64; 64]_0.997_0.4_0.8,100,0.44
96,prio_[64; 64; 64]_0.997_0.4_0.8,200,2.13
96,prio_[64; 64; 64]_0.997_0.4_0.8,300,5.09
96,prio_[64; 64; 64]_0.997_0.4_0.8,400,8.9
96,prio_[64; 64; 64]_0.997_0.4_0.8,500,11.45
96,prio_[64; 64; 64]_0.997_0.4_0.8,599,14.08
97,prio_[64; 64; 64]_0.997_0.4_0.9,100,0.69
97,prio_[64; 64; 64]_0.997_0.4_0.9,200,3.38
97,prio_[64; 64; 64]_0.997_0.4_0.9,300,7.3
97,prio_[64; 64; 64]_0.997_0.4_0.9,400,10.97
97,prio_[64; 64; 64]_0.997_0.4_0.9,500,13.56
97,prio_[64; 64; 64]_0.997_0.4_0.9,512,14.0
98,prio_[64; 64; 64]_0.997_0.5_0.0,100,0.82
98,prio_[64; 64; 64]_0.997_0.5_0.0,200,2.9
98,prio_[64; 64; 64]_0.997_0.5_0.0,300,4.62
98,prio_[64; 64; 64]_0.997_0.5_0.0,400,7.74
98,prio_[64; 64; 64]_0.997_0.5_0.0,500,10.68
98,prio_[64; 64; 64]_0.997_0.5_0.0,600,13.27
98,prio_[64; 64; 64]_0.997_0.5_0.0,649,14.01
99,prio_[64; 64; 64]_0.997_0.5_0.1,100,0.32
99,prio_[64; 64; 64]_0.997_0.5_0.1,200,2.79
99,prio_[64; 64; 64]_0.997_0.5_0.1,300,5.76
99,prio_[64; 64; 64]_0.997_0.5_0.1,400,7.3
99,prio_[64; 64; 64]_0.997_0.5_0.1,500,11.39
99,prio_[64; 64; 64]_0.997_0.5_0.1,600,13.36
99,prio_[64; 64; 64]_0.997_0.5_0.1,700,12.97
99,prio_[64; 64; 64]_0.997_0.5_0.1,758,14.06
100,prio_[64; 64; 64]_0.997_0.5_0.2,100,0.38
100,prio_[64; 64; 64]_0.997_0.5_0.2,200,3.26
100,prio_[64; 64; 64]_0.997_0.5_0.2,300,5.49
100,prio_[64; 64; 64]_0.997_0.5_0.2,400,9.63
100,prio_[64; 64; 64]_0.997_0.5_0.2,500,12.58
100,prio_[64; 64; 64]_0.997_0.5_0.2,600,13.41
100,prio_[64; 64; 64]_0.997_0.5_0.2,620,14.02
101,prio_[64; 64; 64]_0.997_0.5_0.30000000000000004,100,0.65
101,prio_[64; 64; 64]_0.997_0.5_0.30000000000000004,200,2.33
101,prio_[64; 64; 64]_0.997_0.5_0.30000000000000004,300,5.62
101,prio_[64; 64; 64]_0.997_0.5_0.30000000000000004,400,9.08
101,prio_[64; 64; 64]_0.997_0.5_0.30000000000000004,500,11.59
101,prio_[64; 64; 64]_0.997_0.5_0.30000000000000004,600,13.73
101,prio_[64; 64; 64]_0.997_0.5_0.30000000000000004,618,14.02
102,prio_[64; 64; 64]_0.997_0.5_0.4,100,0.26
102,prio_[64; 64; 64]_0.997_0.5_0.4,200,3.28
102,prio_[64; 64; 64]_0.997_0.5_0.4,300,7.22
102,prio_[64; 64; 64]_0.997_0.5_0.4,400,10.53
102,prio_[64; 64; 64]_0.997_0.5_0.4,500,12.25
102,prio_[64; 64; 64]_0.997_0.5_0.4,600,13.56
102,prio_[64; 64; 64]_0.997_0.5_0.4,652,14.1
103,prio_[64; 64; 64]_0.997_0.5_0.5,100,0.82
103,prio_[64; 64; 64]_0.997_0.5_0.5,200,4.02
103,prio_[64; 64; 64]_0.997_0.5_0.5,300,7.21
103,prio_[64; 64; 64]_0.997_0.5_0.5,400,9.56
103,prio_[64; 64; 64]_0.997_0.5_0.5,500,12.55
103,prio_[64; 64; 64]_0.997_0.5_0.5,600,14.01
103,prio_[64; 64; 64]_0.997_0.5_0.5,600,14.01
104,prio_[64; 64; 64]_0.997_0.5_0.6000000000000001,100,0.56
104,prio_[64; 64; 64]_0.997_0.5_0.6000000000000001,200,1.98
104,prio_[64; 64; 64]_0.997_0.5_0.6000000000000001,300,4.95
104,prio_[64; 64; 64]_0.997_0.5_0.6000000000000001,400,9.51
104,prio_[64; 64; 64]_0.997_0.5_0.6000000000000001,500,12.65
104,prio_[64; 64; 64]_0.997_0.5_0.6000000000000001,553,14.02
105,prio_[64; 64; 64]_0.997_0.5_0.7000000000000001,100,0.41
105,prio_[64; 64; 64]_0.997_0.5_0.7000000000000001,200,2.8
105,prio_[64; 64; 64]_0.997_0.5_0.7000000000000001,300,6.53
105,prio_[64; 64; 64]_0.997_0.5_0.7000000000000001,400,8.68
105,prio_[64; 64; 64]_0.997_0.5_0.7000000000000001,500,12.4
105,prio_[64; 64; 64]_0.997_0.5_0.7000000000000001,600,13.76
105,prio_[64; 64; 64]_0.997_0.5_0.7000000000000001,624,14.04
106,prio_[64; 64; 64]_0.997_0.5_0.8,100,0.62
106,prio_[64; 64; 64]_0.997_0.5_0.8,200,3.36
106,prio_[64; 64; 64]_0.997_0.5_0.8,300,7.14
106,prio_[64; 64; 64]_0.997_0.5_0.8,400,10.17
106,prio_[64; 64; 64]_0.997_0.5_0.8,500,11.89
106,prio_[64; 64; 64]_0.997_0.5_0.8,600,13.91
106,prio_[64; 64; 64]_0.997_0.5_0.8,606,14.05
107,prio_[64; 64; 64]_0.997_0.5_0.9,100,0.44
107,prio_[64; 64; 64]_0.997_0.5_0.9,200,2.27
107,prio_[64; 64; 64]_0.997_0.5_0.9,300,5.52
107,prio_[64; 64; 64]_0.997_0.5_0.9,400,9.41
107,prio_[64; 64; 64]_0.997_0.5_0.9,500,11.32
107,prio_[64; 64; 64]_0.997_0.5_0.9,600,13.71
107,prio_[64; 64; 64]_0.997_0.5_0.9,604,14.02
108,prio_[64; 64; 64]_0.997_0.6000000000000001_0.0,100,0.62
108,prio_[64; 64; 64]_0.997_0.6000000000000001_0.0,200,2.19
108,prio_[64; 64; 64]_0.997_0.6000000000000001_0.0,300,4.63
108,prio_[64; 64; 64]_0.997_0.6000000000000001_0.0,400,6.94
108,prio_[64; 64; 64]_0.997_0.6000000000000001_0.0,500,9.79
108,prio_[64; 64; 64]_0.997_0.6000000000000001_0.0,600,13.42
108,prio_[64; 64; 64]_0.997_0.6000000000000001_0.0,632,14.01
109,prio_[64; 64; 64]_0.997_0.6000000000000001_0.1,100,0.52
109,prio_[64; 64; 64]_0.997_0.6000000000000001_0.1,200,2.35
109,prio_[64; 64; 64]_0.997_0.6000000000000001_0.1,300,4.06
109,prio_[64; 64; 64]_0.997_0.6000000000000001_0.1,400,6.98
109,prio_[64; 64; 64]_0.997_0.6000000000000001_0.1,500,10.38
109,prio_[64; 64; 64]_0.997_0.6000000000000001_0.1,600,13.48
109,prio_[64; 64; 64]_0.997_0.6000000000000001_0.1,625,14.0
110,prio_[64; 64; 64]_0.997_0.6000000000000001_0.2,100,0.64
110,prio_[64; 64; 64]_0.997_0.6000000000000001_0.2,200,2.12
110,prio_[64; 64; 64]_0.997_0.6000000000000001_0.2,300,4.3
110,prio_[64; 64; 64]_0.997_0.6000000000000001_0.2,400,7.18
110,prio_[64; 64; 64]_0.997_0.6000000000000001_0.2,500,9.6
110,prio_[64; 64; 64]_0.997_0.6000000000000001_0.2,600,12.69
110,prio_[64; 64; 64]_0.997_0.6000000000000001_0.2,650,14.09
111,prio_[64; 64; 64]_0.997_0.6000000000000001_0.30000000000000004,100,0.54
111,prio_[64; 64; 64]_0.997_0.6000000000000001_0.30000000000000004,200,2.68
111,prio_[64; 64; 64]_0.997_0.6000000000000001_0.30000000000000004,300,7.42
111,prio_[64; 64; 64]_0.997_0.6000000000000001_0.30000000000000004,400,9.09
111,prio_[64; 64; 64]_0.997_0.6000000000000001_0.30000000000000004,500,11.62
111,prio_[64; 64; 64]_0.997_0.6000000000000001_0.30000000000000004,600,12.98
111,prio_[64; 64; 64]_0.997_0.6000000000000001_0.30000000000000004,652,14.0
112,prio_[64; 64; 64]_0.997_0.6000000000000001_0.4,100,0.43
112,prio_[64; 64; 64]_0.997_0.6000000000000001_0.4,200,2.49
112,prio_[64; 64; 64]_0.997_0.6000000000000001_0.4,300,4.86
112,prio_[64; 64; 64]_0.997_0.6000000000000001_0.4,400,8.48
112,prio_[64; 64; 64]_0.997_0.6000000000000001_0.4,500,10.62
112,prio_[64; 64; 64]_0.997_0.6000000000000001_0.4,600,13.11
112,prio_[64; 64; 64]_0.997_0.6000000000000001_0.4,633,14.04
113,prio_[64; 64; 64]_0.997_0.6000000000000001_0.5,100,0.36
113,prio_[64; 64; 64]_0.997_0.6000000000000001_0.5,200,3.2
113,prio_[64; 64; 64]_0.997_0.6000000000000001_0.5,300,7.06
113,prio_[64; 64; 64]_0.997_0.6000000000000001_0.5,400,10.79
113,prio_[64; 64; 64]_0.997_0.6000000000000001_0.5,500,12.65
113,prio_[64; 64; 64]_0.997_0.6000000000000001_0.5,600,13.83
113,prio_[64; 64; 64]_0.997_0.6000000000000001_0.5,607,14.02
114,prio_[64; 64; 64]_0.997_0.6000000000000001_0.6000000000000001,100,0.67
114,prio_[64; 64; 64]_0.997_0.6000000000000001_0.6000000000000001,200,3.71
114,prio_[64; 64; 64]_0.997_0.6000000000000001_0.6000000000000001,300,7.13
114,prio_[64; 64; 64]_0.997_0.6000000000000001_0.6000000000000001,400,10.35
114,prio_[64; 64; 64]_0.997_0.6000000000000001_0.6000000000000001,500,12.8
114,prio_[64; 64; 64]_0.997_0.6000000000000001_0.6000000000000001,600,13.7
114,prio_[64; 64; 64]_0.997_0.6000000000000001_0.6000000000000001,631,14.06
115,prio_[64; 64; 64]_0.997_0.6000000000000001_0.7000000000000001,100,0.48
115,prio_[64; 64; 64]_0.997_0.6000000000000001_0.7000000000000001,200,2.52
115,prio_[64; 64; 64]_0.997_0.6000000000000001_0.7000000000000001,300,6.83
115,prio_[64; 64; 64]_0.997_0.6000000000000001_0.7000000000000001,400,8.4
115,prio_[64; 64; 64]_0.997_0.6000000000000001_0.7000000000000001,500,12.09
115,prio_[64; 64; 64]_0.997_0.6000000000000001_0.7000000000000001,600,13.67
115,prio_[64; 64; 64]_0.997_0.6000000000000001_0.7000000000000001,620,14.02
116,prio_[64; 64; 64]_0.997_0.6000000000000001_0.8,100,1.11
116,prio_[64; 64; 64]_0.997_0.6000000000000001_0.8,200,4.26
116,prio_[64; 64; 64]_0.997_0.6000000000000001_0.8,300,7.22
116,prio_[64; 64; 64]_0.997_0.6000000000000001_0.8,400,10.27
116,prio_[64; 64; 64]_0.997_0.6000000000000001_0.8,500,11.8
116,prio_[64; 64; 64]_0.997_0.6000000000000001_0.8,600,13.46
116,prio_[64; 64; 64]_0.997_0.6000000000000001_0.8,637,14.08
117,prio_[64; 64; 64]_0.997_0.6000000000000001_0.9,100,0.79
117,prio_[64; 64; 64]_0.997_0.6000000000000001_0.9,200,2.74
117,prio_[64; 64; 64]_0.997_0.6000000000000001_0.9,300,7.82
117,prio_[64; 64; 64]_0.997_0.6000000000000001_0.9,400,9.72
117,prio_[64; 64; 64]_0.997_0.6000000000000001_0.9,500,12.44
117,prio_[64; 64; 64]_0.997_0.6000000000000001_0.9,593,14.0
118,prio_[64; 64; 64]_0.997_0.7000000000000001_0.0,100,0.52
118,prio_[64; 64; 64]_0.997_0.7000000000000001_0.0,200,3.05
118,prio_[64; 64; 64]_0.997_0.7000000000000001_0.0,300,6.58
118,prio_[64; 64; 64]_0.997_0.7000000000000001_0.0,400,8.75
118,prio_[64; 64; 64]_0.997_0.7000000000000001_0.0,500,11.72
118,prio_[64; 64; 64]_0.997_0.7000000000000001_0.0,598,14.0
119,prio_[64; 64; 64]_0.997_0.7000000000000001_0.1,100,0.26
119,prio_[64; 64; 64]_0.997_0.7000000000000001_0.1,200,4.01
119,prio_[64; 64; 64]_0.997_0.7000000000000001_0.1,300,5.99
119,prio_[64; 64; 64]_0.997_0.7000000000000001_0.1,400,7.84
119,prio_[64; 64; 64]_0.997_0.7000000000000001_0.1,500,11.3
119,prio_[64; 64; 64]_0.997_0.7000000000000001_0.1,600,13.75
119,prio_[64; 64; 64]_0.997_0.7000000000000001_0.1,615,14.05
120,prio_[64; 64; 64]_0.997_0.7000000000000001_0.2,100,0.14
120,prio_[64; 64; 64]_0.997_0.7000000000000001_0.2,200,1.46
120,prio_[64; 64; 64]_0.997_0.7000000000000001_0.2,300,3.58
120,prio_[64; 64; 64]_0.997_0.7000000000000001_0.2,400,5.19
120,prio_[64; 64; 64]_0.997_0.7000000000000001_0.2,500,9.85
120,prio_[64; 64; 64]_0.997_0.7000000000000001_0.2,600,12.23
120,prio_[64; 64; 64]_0.997_0.7000000000000001_0.2,700,13.76
120,prio_[64; 64; 64]_0.997_0.7000000000000001_0.2,710,14.01
121,prio_[64; 64; 64]_0.997_0.7000000000000001_0.30000000000000004,100,0.45
121,prio_[64; 64; 64]_0.997_0.7000000000000001_0.30000000000000004,200,2.67
121,prio_[64; 64; 64]_0.997_0.7000000000000001_0.30000000000000004,300,5.94
121,prio_[64; 64; 64]_0.997_0.7000000000000001_0.30000000000000004,400,8.19
121,prio_[64; 64; 64]_0.997_0.7000000000000001_0.30000000000000004,500,11.41
121,prio_[64; 64; 64]_0.997_0.7000000000000001_0.30000000000000004,600,13.04
121,prio_[64; 64; 64]_0.997_0.7000000000000001_0.30000000000000004,673,14.01
122,prio_[64; 64; 64]_0.997_0.7000000000000001_0.4,100,0.33
122,prio_[64; 64; 64]_0.997_0.7000000000000001_0.4,200,2.41
122,prio_[64; 64; 64]_0.997_0.7000000000000001_0.4,300,4.9
122,prio_[64; 64; 64]_0.997_0.7000000000000001_0.4,400,8.24
122,prio_[64; 64; 64]_0.997_0.7000000000000001_0.4,500,10.43
122,prio_[64; 64; 64]_0.997_0.7000000000000001_0.4,600,13.21
122,prio_[64; 64; 64]_0.997_0.7000000000000001_0.4,624,14.01
123,prio_[64; 64; 64]_0.997_0.7000000000000001_0.5,100,0.97
123,prio_[64; 64; 64]_0.997_0.7000000000000001_0.5,200,3.46
123,prio_[64; 64; 64]_0.997_0.7000000000000001_0.5,300,7.18
123,prio_[64; 64; 64]_0.997_0.7000000000000001_0.5,400,10.05
123,prio_[64; 64; 64]_0.997_0.7000000000000001_0.5,500,12.12
123,prio_[64; 64; 64]_0.997_0.7000000000000001_0.5,589,14.0
124,prio_[64; 64; 64]_0.997_0.7000000000000001_0.6000000000000001,100,0.35
124,prio_[64; 64; 64]_0.997_0.7000000000000001_0.6000000000000001,200,2.93
124,prio_[64; 64; 64]_0.997_0.7000000000000001_0.6000000000000001,300,6.21
124,prio_[64; 64; 64]_0.997_0.7000000000000001_0.6000000000000001,400,7.65
124,prio_[64; 64; 64]_0.997_0.7000000000000001_0.6000000000000001,500,10.85
124,prio_[64; 64; 64]_0.997_0.7000000000000001_0.6000000000000001,596,14.06
125,prio_[64; 64; 64]_0.997_0.7000000000000001_0.7000000000000001,100,0.29
125,prio_[64; 64; 64]_0.997_0.7000000000000001_0.7000000000000001,200,2.83
125,prio_[64; 64; 64]_0.997_0.7000000000000001_0.7000000000000001,300,5.37
125,prio_[64; 64; 64]_0.997_0.7000000000000001_0.7000000000000001,400,9.61
125,prio_[64; 64; 64]_0.997_0.7000000000000001_0.7000000000000001,500,11.34
125,prio_[64; 64; 64]_0.997_0.7000000000000001_0.7000000000000001,600,13.34
125,prio_[64; 64; 64]_0.997_0.7000000000000001_0.7000000000000001,638,14.04
126,prio_[64; 64; 64]_0.997_0.7000000000000001_0.8,100,0.43
126,prio_[64; 64; 64]_0.997_0.7000000000000001_0.8,200,3.1
126,prio_[64; 64; 64]_0.997_0.7000000000000001_0.8,300,5.49
126,prio_[64; 64; 64]_0.997_0.7000000000000001_0.8,400,9.02
126,prio_[64; 64; 64]_0.997_0.7000000000000001_0.8,500,11.93
126,prio_[64; 64; 64]_0.997_0.7000000000000001_0.8,585,14.13
127,prio_[64; 64; 64]_0.997_0.7000000000000001_0.9,100,0.34
127,prio_[64; 64; 64]_0.997_0.7000000000000001_0.9,200,2.42
127,prio_[64; 64; 64]_0.997_0.7000000000000001_0.9,300,5.88
127,prio_[64; 64; 64]_0.997_0.7000000000000001_0.9,400,9.34
127,prio_[64; 64; 64]_0.997_0.7000000000000001_0.9,500,11.87
127,prio_[64; 64; 64]_0.997_0.7000000000000001_0.9,592,14.04
128,prio_[64; 64; 64]_0.997_0.8_0.0,100,0.33
128,prio_[64; 64; 64]_0.997_0.8_0.0,200,1.72
128,prio_[64; 64; 64]_0.997_0.8_0.0,300,2.94
128,prio_[64; 64; 64]_0.997_0.8_0.0,400,5.66
128,prio_[64; 64; 64]_0.997_0.8_0.0,500,9.57
128,prio_[64; 64; 64]_0.997_0.8_0.0,600,11.95
128,prio_[64; 64; 64]_0.997_0.8_0.0,700,13.45
128,prio_[64; 64; 64]_0.997_0.8_0.0,729,14.02
129,prio_[64; 64; 64]_0.997_0.8_0.1,100,0.66
129,prio_[64; 64; 64]_0.997_0.8_0.1,200,2.92
129,prio_[64; 64; 64]_0.997_0.8_0.1,300,5.49
129,prio_[64; 64; 64]_0.997_0.8_0.1,400,7.92
129,prio_[64; 64; 64]_0.997_0.8_0.1,500,11.34
129,prio_[64; 64; 64]_0.997_0.8_0.1,600,13.28
129,prio_[64; 64; 64]_0.997_0.8_0.1,633,14.03
130,prio_[64; 64; 64]_0.997_0.8_0.2,100,0.68
130,prio_[64; 64; 64]_0.997_0.8_0.2,200,1.98
130,prio_[64; 64; 64]_0.997_0.8_0.2,300,5.08
130,prio_[64; 64; 64]_0.997_0.8_0.2,400,7.92
130,prio_[64; 64; 64]_0.997_0.8_0.2,500,11.26
130,prio_[64; 64; 64]_0.997_0.8_0.2,600,13.6
130,prio_[64; 64; 64]_0.997_0.8_0.2,649,14.06
131,prio_[64; 64; 64]_0.997_0.8_0.30000000000000004,100,0.63
131,prio_[64; 64; 64]_0.997_0.8_0.30000000000000004,200,2.12
131,prio_[64; 64; 64]_0.997_0.8_0.30000000000000004,300,5.91
131,prio_[64; 64; 64]_0.997_0.8_0.30000000000000004,400,7.62
131,prio_[64; 64; 64]_0.997_0.8_0.30000000000000004,500,10.88
131,prio_[64; 64; 64]_0.997_0.8_0.30000000000000004,600,13.19
131,prio_[64; 64; 64]_0.997_0.8_0.30000000000000004,660,14.04
132,prio_[64; 64; 64]_0.997_0.8_0.4,100,0.04
132,prio_[64; 64; 64]_0.997_0.8_0.4,200,1.34
132,prio_[64; 64; 64]_0.997_0.8_0.4,300,3.62
132,prio_[64; 64; 64]_0.997_0.8_0.4,400,5.3
132,prio_[64; 64; 64]_0.997_0.8_0.4,500,9.07
132,prio_[64; 64; 64]_0.997_0.8_0.4,600,12.74
132,prio_[64; 64; 64]_0.997_0.8_0.4,700,13.91
132,prio_[64; 64; 64]_0.997_0.8_0.4,705,14.0
133,prio_[64; 64; 64]_0.997_0.8_0.5,100,0.44
133,prio_[64; 64; 64]_0.997_0.8_0.5,200,3.02
133,prio_[64; 64; 64]_0.997_0.8_0.5,300,6.65
133,prio_[64; 64; 64]_0.997_0.8_0.5,400,8.98
133,prio_[64; 64; 64]_0.997_0.8_0.5,500,10.95
133,prio_[64; 64; 64]_0.997_0.8_0.5,600,13.7
133,prio_[64; 64; 64]_0.997_0.8_0.5,700,13.71
133,prio_[64; 64; 64]_0.997_0.8_0.5,717,14.03
134,prio_[64; 64; 64]_0.997_0.8_0.6000000000000001,100,0.87
134,prio_[64; 64; 64]_0.997_0.8_0.6000000000000001,200,3.32
134,prio_[64; 64; 64]_0.997_0.8_0.6000000000000001,300,7.01
134,prio_[64; 64; 64]_0.997_0.8_0.6000000000000001,400,9.7
134,prio_[64; 64; 64]_0.997_0.8_0.6000000000000001,500,12.07
134,prio_[64; 64; 64]_0.997_0.8_0.6000000000000001,600,13.3
134,prio_[64; 64; 64]_0.997_0.8_0.6000000000000001,645,14.01
135,prio_[64; 64; 64]_0.997_0.8_0.7000000000000001,100,0.19
135,prio_[64; 64; 64]_0.997_0.8_0.7000000000000001,200,2.78
135,prio_[64; 64; 64]_0.997_0.8_0.7000000000000001,300,6.59
135,prio_[64; 64; 64]_0.997_0.8_0.7000000000000001,400,9.51
135,prio_[64; 64; 64]_0.997_0.8_0.7000000000000001,500,11.41
135,prio_[64; 64; 64]_0.997_0.8_0.7000000000000001,600,13.71
135,prio_[64; 64; 64]_0.997_0.8_0.7000000000000001,612,14.03
136,prio_[64; 64; 64]_0.997_0.8_0.8,100,0.31
136,prio_[64; 64; 64]_0.997_0.8_0.8,200,1.76
136,prio_[64; 64; 64]_0.997_0.8_0.8,300,5.8
136,prio_[64; 64; 64]_0.997_0.8_0.8,400,9.44
136,prio_[64; 64; 64]_0.997_0.8_0.8,500,11.21
136,prio_[64; 64; 64]_0.997_0.8_0.8,600,13.42
136,prio_[64; 64; 64]_0.997_0.8_0.8,644,14.0
137,prio_[64; 64; 64]_0.997_0.8_0.9,100,0.78
137,prio_[64; 64; 64]_0.997_0.8_0.9,200,3.73
137,prio_[64; 64; 64]_0.997_0.8_0.9,300,7.37
137,prio_[64; 64; 64]_0.997_0.8_0.9,400,10.25
137,prio_[64; 64; 64]_0.997_0.8_0.9,500,12.39
137,prio_[64; 64; 64]_0.997_0.8_0.9,600,13.49
137,prio_[64; 64; 64]_0.997_0.8_0.9,652,14.06
138,prio_[64; 64; 64]_0.997_0.9_0.0,100,0.3
138,prio_[64; 64; 64]_0.997_0.9_0.0,200,2.27
138,prio_[64; 64; 64]_0.997_0.9_0.0,300,4.14
138,prio_[64; 64; 64]_0.997_0.9_0.0,400,6.06
138,prio_[64; 64; 64]_0.997_0.9_0.0,500,9.99
138,prio_[64; 64; 64]_0.997_0.9_0.0,600,12.31
138,prio_[64; 64; 64]_0.997_0.9_0.0,680,14.1
139,prio_[64; 64; 64]_0.997_0.9_0.1,100,0.32
139,prio_[64; 64; 64]_0.997_0.9_0.1,200,2.17
139,prio_[64; 64; 64]_0.997_0.9_0.1,300,4.33
139,prio_[64; 64; 64]_0.997_0.9_0.1,400,6.6
139,prio_[64; 64; 64]_0.997_0.9_0.1,500,10.59
139,prio_[64; 64; 64]_0.997_0.9_0.1,600,13.02
139,prio_[64; 64; 64]_0.997_0.9_0.1,649,14.1
140,prio_[64; 64; 64]_0.997_0.9_0.2,100,0.84
140,prio_[64; 64; 64]_0.997_0.9_0.2,200,3.13
140,prio_[64; 64; 64]_0.997_0.9_0.2,300,5.69
140,prio_[64; 64; 64]_0.997_0.9_0.2,400,8.23
140,prio_[64; 64; 64]_0.997_0.9_0.2,500,10.7
140,prio_[64; 64; 64]_0.997_0.9_0.2,600,13.1
140,prio_[64; 64; 64]_0.997_0.9_0.2,640,14.06
141,prio_[64; 64; 64]_0.997_0.9_0.30000000000000004,100,0.55
141,prio_[64; 64; 64]_0.997_0.9_0.30000000000000004,200,3.02
141,prio_[64; 64; 64]_0.997_0.9_0.30000000000000004,300,4.68
141,prio_[64; 64; 64]_0.997_0.9_0.30000000000000004,400,7.5
141,prio_[64; 64; 64]_0.997_0.9_0.30000000000000004,500,10.27
141,prio_[64; 64; 64]_0.997_0.9_0.30000000000000004,600,12.95
141,prio_[64; 64; 64]_0.997_0.9_0.30000000000000004,654,14.02
142,prio_[64; 64; 64]_0.997_0.9_0.4,100,0.33
142,prio_[64; 64; 64]_0.997_0.9_0.4,200,3.05
142,prio_[64; 64; 64]_0.997_0.9_0.4,300,5.13
142,prio_[64; 64; 64]_0.997_0.9_0.4,400,8.6
142,prio_[64; 64; 64]_0.997_0.9_0.4,500,12.07
142,prio_[64; 64; 64]_0.997_0.9_0.4,600,13.59
142,prio_[64; 64; 64]_0.997_0.9_0.4,616,14.04
143,prio_[64; 64; 64]_0.997_0.9_0.5,100,0.89
143,prio_[64; 64; 64]_0.997_0.9_0.5,200,3.23
143,prio_[64; 64; 64]_0.997_0.9_0.5,300,6.32
143,prio_[64; 64; 64]_0.997_0.9_0.5,400,8.79
143,prio_[64; 64; 64]_0.997_0.9_0.5,500,11.6
143,prio_[64; 64; 64]_0.997_0.9_0.5,598,14.04
144,prio_[64; 64; 64]_0.997_0.9_0.6000000000000001,100,0.38
144,prio_[64; 64; 64]_0.997_0.9_0.6000000000000001,200,2.06
144,prio_[64; 64; 64]_0.997_0.9_0.6000000000000001,300,4.84
144,prio_[64; 64; 64]_0.997_0.9_0.6000000000000001,400,8.55
144,prio_[64; 64; 64]_0.997_0.9_0.6000000000000001,500,10.97
144,prio_[64; 64; 64]_0.997_0.9_0.6000000000000001,600,12.33
144,prio_[64; 64; 64]_0.997_0.9_0.6000000000000001,658,14.05
145,prio_[64; 64; 64]_0.997_0.9_0.7000000000000001,100,0.62
145,prio_[64; 64; 64]_0.997_0.9_0.7000000000000001,200,2.93
145,prio_[64; 64; 64]_0.997_0.9_0.7000000000000001,300,6.73
145,prio_[64; 64; 64]_0.997_0.9_0.7000000000000001,400,9.22
145,prio_[64; 64; 64]_0.997_0.9_0.7000000000000001,500,11.45
145,prio_[64; 64; 64]_0.997_0.9_0.7000000000000001,600,13.98
145,prio_[64; 64; 64]_0.997_0.9_0.7000000000000001,603,14.01
146,prio_[64; 64; 64]_0.997_0.9_0.8,100,0.62
146,prio_[64; 64; 64]_0.997_0.9_0.8,200,2.69
146,prio_[64; 64; 64]_0.997_0.9_0.8,300,6.4
146,prio_[64; 64; 64]_0.997_0.9_0.8,400,9.31
146,prio_[64; 64; 64]_0.997_0.9_0.8,500,12.06
146,prio_[64; 64; 64]_0.997_0.9_0.8,578,14.07
147,prio_[64; 64; 64]_0.997_0.9_0.9,100,0.43
147,prio_[64; 64; 64]_0.997_0.9_0.9,200,3.04
147,prio_[64; 64; 64]_0.997_0.9_0.9,300,6.61
147,prio_[64; 64; 64]_0.997_0.9_0.9,400,9.96
147,prio_[64; 64; 64]_0.997_0.9_0.9,500,11.75
147,prio_[64; 64; 64]_0.997_0.9_0.9,580,14.01